Year,Team,Revenue ($mil),Player Expenses,Other Expenses,Total Expenses,Operating Income
2000,Washington Redskins,194,101.8,15.9,117.7,76.3
2000,Dallas Cowboys,181,70.6,54.0,124.6,56.4
2000,Cleveland Browns,153,79.7,47.0,126.7,26.3
2000,Tampa Bay Buccaneers,146,86.2,24.3,110.5,35.5
2000,Carolina Panthers,144,71.5,42.5,114.0,30.0
2000,Baltimore Ravens,139,100.1,39.6,139.7,-0.7
2000,Denver Broncos,115,69.3,39.9,109.2,5.8
2000,Tennessee Titans,134,79.1,13.4,92.5,41.5
2000,New England Patriots,128,66.9,64.8,131.7,-3.7
2000,Miami Dolphins,141,81.8,53.1,134.9,6.1
2000,Jacksonville Jaguars,132,86.4,23.8,110.2,21.8
2000,Cincinnati Bengals,120,78.0,27.5,105.5,14.5
2000,Pittsburgh Steelers,109,70.5,47.8,118.3,-9.3
2000,St Louis Rams,124,87.0,11.8,98.8,25.2
2000,Seattle Seahawks,110,68.7,57.7,126.4,-16.4
2000,Detroit Lions,109,85.9,32.8,118.7,-9.7
2000,New York Jets,121,79.1,24.8,103.9,17.1
2000,San Francisco 49ers,120,69.6,24.3,93.9,26.1
2000,New York Giants,120,66.7,34.1,100.8,19.2
2000,San Diego Chargers,119,71.8,38.3,110.1,8.9
2000,Kansas City Chiefs,125,78.7,29.7,108.4,16.6
2000,Philadelphia Eagles,116,80.0,29.3,109.3,6.7
2000,Buffalo Bills,123,80.6,27.9,108.5,14.5
2000,Green Bay Packers,119,73.1,36.5,109.6,9.4
2000,New Orleans Saints,116,71.8,51.8,123.6,-7.6
2000,Indianapolis Colts,118,85.5,34.9,120.4,-2.4
2000,Chicago Bears,113,82.5,27.2,109.7,3.3
2000,Oakland Raiders,117,79.2,24.6,103.8,13.2
2000,Minnesota Vikings,112,68.6,29.8,98.4,13.6
2000,Arizona Cardinals,107,66.7,35.2,101.9,5.1
2000,Atlanta Falcons,113,76.2,31.8,108.0,5.0
2001,Washington,204,63.5,61.1,124.6,79.4
2001,Dallas,189,54.3,59.3,113.6,75.4
2001,Cleveland,158,93.3,48.3,141.6,16.4
2001,Carolina,152,79.7,46.7,126.4,25.6
2001,Baltimore ,148,74.6,38.6,113.2,34.8
2001,Tampa Bay,151,79.4,40.2,119.6,31.4
2001,Denver,159,104.0,43.7,147.7,11.3
2001,New England,136,65.5,53.6,119.1,16.9
2001,Pittsburgh,142,85.2,40.6,125.8,16.2
2001,Miami,145,88.3,47.8,136.1,8.9
2001,Tennessee,141,84.3,30.8,115.1,25.9
2001,St.Louis,136,77.7,32.7,110.4,25.6
2001,Chicago,124,82.2,29.4,111.6,12.4
2001,Seattle,119,73.0,38.5,111.5,7.5
2001,Jacksonville,137,72.7,37.3,110.0,27.0
2001,Philadelphia,120,70.1,31.7,101.8,18.2
2001,NY Giants,134,76.9,36.9,113.8,20.2
2001,NY Jets,131,78.9,35.6,114.5,16.5
2001,Detroit,116,71.8,36.5,108.3,7.7
2001,Cincinnati,130,78.4,36.1,114.5,15.5
2001,New Orleans,139,72.0,37.4,109.4,29.6
2001,Green Bay,132,89.4,39.9,129.3,2.7
2001,San Francisco,129,69.0,39.7,108.7,20.3
2001,Kansas City,138,71.2,35.3,106.5,31.5
2001,Buffalo,131,68.8,32.8,101.6,29.4
2001,San Diego,131,84.6,32.6,117.2,13.8
2001,Minnesota,123,69.1,33.7,102.8,20.2
2001,Oakland,132,81.3,36.2,117.5,14.5
2001,Indianapolis,127,68.7,39.6,108.3,18.7
2001,Atlanta,120,81.1,32.7,113.8,6.2
2001,Arizona,110,74.2,32.2,106.4,3.6
2002,Washington Redskins,227,72.0,67.2,139.2,87.8
2002,Dallas Cowboys,198,85.0,60.7,145.7,52.3
2002,Houston Texans,193,95.0,50.4,145.4,47.6
2002,New England Patriots,189,63.0,58.7,121.7,67.3
2002,Cleveland Browns,174,83.0,50.6,133.6,40.4
2002,Denver Broncos,171,74.0,48.2,122.2,48.8
2002,Tampa Bay Buccaneers,168,75.0,47.5,122.5,45.5
2002,Baltimore Ravens,155,67.0,45.4,112.4,42.6
2002,Carolina Panthers,161,65.0,51.1,116.1,44.9
2002,Miami Dolphins,159,74.0,53.5,127.5,31.5
2002,Detroit Lions,159,75.0,47.2,122.2,36.8
2002,Chicago Bears,132,83.0,33.5,116.5,15.5
2002,Tennessee Titans,155,65.0,47.7,112.7,42.3
2002,Philadelphia Eagles,134,93.0,37.1,130.1,3.9
2002,Seattle Seahawks,153,69.0,51.2,120.2,32.8
2002,Green Bay Packers,152,78.0,43.6,121.6,30.4
2002,Pittsburgh Steelers,152,96.0,44.6,140.6,11.4
2002,St Louis Rams,150,82.0,37.1,119.1,30.9
2002,Kansas City Chiefs,150,82.0,36.6,118.6,31.4
2002,New Orleans Saints,146,65.0,37.9,102.9,43.1
2002,Oakland Raiders,144,95.0,33.5,128.5,15.5
2002,New York Giants,143,89.0,38.4,127.4,15.6
2002,Jacksonville Jaguars,142,66.0,39.5,105.5,36.5
2002,San Francisco 49ers,142,86.0,40.0,126.0,16.0
2002,New York Jets,142,96.0,38.3,134.3,7.7
2002,Buffalo Bills,141,71.0,34.6,105.6,35.4
2002,Cincinnati Bengals,141,69.0,39.1,108.1,32.9
2002,San Diego Chargers,140,71.0,36.1,107.1,32.9
2002,Indianapolis Colts,137,77.0,42.2,119.2,17.8
2002,Minnesota Vikings,135,62.0,37.8,99.8,35.2
2002,Atlanta Falcons,133,96.0,36.6,132.6,0.4
2002,Arizona Cardinals,126,78.0,35.2,113.2,12.8
2003,Washington Redskins ,245,99.0,76.4,175.4,69.6
2003,Dallas Cowboys ,205,95.0,72.5,167.5,37.5
2003,Houston Texans ,201,92.0,53.5,145.5,55.5
2003,New England Patriots ,191,97.0,63.5,160.5,30.5
2003,Philadelphia Eagles ,198,91.0,62.7,153.7,44.3
2003,Denver Broncos ,183,85.0,55.2,140.2,42.8
2003,Cleveland Browns ,183,70.0,54.0,124.0,59.0
2003,Chicago Bears ,175,97.0,44.9,141.9,33.1
2003,Tampa Bay Buccaneers ,175,102.0,48.0,150.0,25.0
2003,Baltimore Ravens ,172,90.0,47.2,137.2,34.8
2003,Miami Dolphins ,170,82.0,55.9,137.9,32.1
2003,Carolina Panthers ,169,92.0,59.7,151.7,17.3
2003,Green Bay Packers ,168,91.0,53.6,144.6,23.4
2003,Detroit Lions ,168,92.0,50.9,142.9,25.1
2003,Tennessee Titans ,164,90.0,51.8,141.8,22.2
2003,Pittsburgh Steelers ,159,78.0,45.7,123.7,35.3
2003,Seattle Seahawks ,158,98.0,54.0,152.0,6.0
2003,Kansas City Chiefs ,159,92.0,43.0,135.0,24.0
2003,St Louis Rams ,157,94.0,41.2,135.2,21.8
2003,New York Giants ,154,92.0,41.8,133.8,20.2
2003,Jacksonville Jaguars ,153,94.0,42.4,136.4,16.6
2003,New York Jets ,152,83.0,42.5,125.5,26.5
2003,Cincinnati Bengals ,150,100.0,35.8,135.8,14.2
2003,Buffalo Bills ,152,88.0,35.5,123.5,28.5
2003,San Francisco 49ers ,151,75.0,46.6,121.6,29.4
2003,New Orleans Saints ,157,109.0,40.2,149.2,7.8
2003,Oakland Raiders ,149,89.0,33.9,122.9,26.1
2003,San Diego Chargers ,148,87.0,38.5,125.5,22.5
2003,Indianapolis Colts ,145,89.0,42.4,131.4,13.6
2003,Minnesota Vikings ,144,100.0,39.9,139.9,4.1
2003,Atlanta Falcons ,144,99.0,38.6,137.6,6.4
2003,Arizona Cardinals ,131,99.0,36.9,135.9,-4.9
2004,Washington Redskins,287,133.0,100.2,233.2,53.8
2004,Dallas Cowboys,231,81.0,95.7,176.7,54.3
2004,New England Patriots,236,92.0,93.5,185.5,50.5
2004,Philadelphia Eagles,216,120.0,71.5,191.5,24.5
2004,Houston Texans,215,113.0,60.7,173.7,41.3
2004,Denver Broncos,202,88.0,64.6,152.6,49.4
2004,Cleveland Browns,203,103.0,58.9,161.9,41.1
2004,Carolina Panthers,195,103.0,67.7,170.7,24.3
2004,Tampa Bay Buccaneers,195,97.0,52.6,149.6,45.4
2004,Chicago Bears,193,103.0,49.9,152.9,40.1
2004,Baltimore Ravens,192,102.0,57.3,159.3,32.7
2004,Miami Dolphins,190,109.0,65.2,174.2,15.8
2004,Green Bay Packers,189,96.0,57.6,153.6,35.4
2004,Tennessee Titans,186,94.0,56.9,150.9,35.1
2004,Seattle Seahawks,183,109.0,59.6,168.6,14.4
2004,Pittsburgh Steelers,182,93.0,52.5,145.5,36.5
2004,New York Giants,175,97.0,51.3,148.3,26.7
2004,Detroit Lions,186,110.0,60.6,170.6,15.4
2004,Kansas City Chiefs,181,100.0,50.0,150.0,31.0
2004,St Louis Rams,176,92.0,44.2,136.2,39.8
2004,New York Jets,172,109.0,51.0,160.0,12.0
2004,New Orleans Saints,175,89.0,43.4,132.4,42.6
2004,Cincinnati Bengals,171,84.0,41.4,125.4,45.6
2004,Indianapolis Colts,166,107.0,42.6,149.6,16.4
2004,Buffalo Bills,173,95.0,41.9,136.9,36.1
2004,San Francisco 49ers,171,78.0,49.4,127.4,43.6
2004,Jacksonville Jaguars,169,87.0,47.4,134.4,34.6
2004,Atlanta Falcons,168,98.0,43.2,141.2,26.8
2004,San Diego Chargers,165,91.0,41.2,132.2,32.8
2004,Oakland Raiders,169,94.0,67.2,161.2,7.8
2004,Arizona Cardinals,153,94.0,42.8,136.8,16.2
2004,Minnesota Vikings,164,108.0,40.4,148.4,15.6
2005,Washington Redskins,303,92.0,102.6,194.6,108.4
2005,New England Patriots,250,112.0,94.4,206.4,43.6
2005,Dallas Cowboys,235,101.0,96.9,197.9,37.1
2005,Houston Texans,222,100.0,64.4,164.4,57.6
2005,Philadelphia Eagles,218,91.0,72.8,163.8,54.2
2005,Denver Broncos,207,115.0,65.1,180.1,26.9
2005,Cleveland Browns,206,95.0,63.9,158.9,47.1
2005,Tampa Bay Buccaneers,203,93.0,53.1,146.1,56.9
2005,Baltimore Ravens,201,113.0,60.2,173.2,27.8
2005,Chicago Bears,201,98.0,51.5,149.5,51.5
2005,Carolina Panthers,199,109.0,69.3,178.3,20.7
2005,Miami Dolphins,194,90.0,70.6,160.6,33.4
2005,Green Bay Packers,194,103.0,68.7,171.7,22.3
2005,Kansas City Chiefs,186,103.0,54.8,157.8,28.2
2005,New York Giants,182,102.0,53.1,155.1,26.9
2005,Seattle Seahawks,189,119.0,65.0,184.0,5.0
2005,Tennessee Titans,189,81.0,59.7,140.7,48.3
2005,Pittsburgh Steelers,187,104.0,57.5,161.5,25.5
2005,New York Jets,179,94.0,51.9,145.9,33.1
2005,St Louis Rams,179,98.0,47.8,145.8,33.2
2005,Detroit Lions,178,100.0,61.9,161.9,16.1
2005,Indianapolis Colts,167,96.0,46.0,142.0,25.0
2005,Cincinnati Bengals,175,109.0,45.1,154.1,20.9
2005,Arizona Cardinals,158,95.0,46.4,141.4,16.6
2005,Buffalo Bills,176,100.0,44.8,144.8,31.2
2005,Jacksonville Jaguars,173,102.0,48.5,150.5,22.5
2005,New Orleans Saints,160,114.0,50.1,164.1,-4.1
2005,Oakland Raiders,171,117.0,44.9,161.9,9.1
2005,San Francisco 49ers,171,103.0,56.2,159.2,11.8
2005,San Diego Chargers,170,98.0,47.2,145.2,24.8
2005,Atlanta Falcons,170,118.0,45.4,163.4,6.6
2005,Minnesota Vikings,167,104.0,46.7,150.7,16.3
2006,Dallas Cowboys,242,140.0,97.7,237.7,4.3
2006,Washington Redskins,312,142.0,104.0,246.0,66.0
2006,New England Patriots,255,125.0,95.1,220.1,34.9
2006,Houston Texans,225,132.0,67.1,199.1,25.9
2006,Philadelphia Eagles,224,128.0,70.3,198.3,25.7
2006,Denver Broncos,212,127.0,69.1,196.1,15.9
2006,Chicago Bears,209,117.0,55.1,172.1,36.9
2006,New York Giants,195,130.0,54.3,184.3,10.7
2006,Cleveland Browns,206,119.0,66.4,185.4,20.6
2006,New York Jets,193,115.0,51.6,166.6,26.4
2006,Baltimore Ravens,205,142.0,62.0,204.0,1.0
2006,Tampa Bay Buccaneers,205,111.0,54.5,165.5,39.5
2006,Kansas City Chiefs,196,105.0,55.8,160.8,35.2
2006,Carolina Panthers,203,128.0,72.5,200.5,2.5
2006,Miami Dolphins,215,133.0,70.8,203.8,11.2
2006,Pittsburgh Steelers,198,117.0,61.0,178.0,20.0
2006,Green Bay Packers,197,121.0,55.7,176.7,20.3
2006,Tennessee Titans,196,112.0,59.8,171.8,24.2
2006,Seattle Seahawks,196,132.0,66.6,198.6,-2.6
2006,Cincinnati Bengals,194,133.0,49.3,182.3,11.7
2006,Indianapolis Colts,184,153.0,48.3,201.3,-17.3
2006,St Louis Rams,193,127.0,48.1,175.1,17.9
2006,Arizona Cardinals,189,134.0,50.4,184.4,4.6
2006,Detroit Lions,189,125.0,65.8,190.8,-1.8
2006,New Orleans Saints,194,118.0,50.8,168.8,25.2
2006,San Diego Chargers,192,125.0,47.8,172.8,19.2
2006,Buffalo Bills,189,102.0,52.4,154.4,34.6
2006,Oakland Raiders,189,94.0,48.8,142.8,46.2
2006,Jacksonville Jaguars,189,121.0,45.9,166.9,22.1
2006,San Francisco 49ers,186,118.0,58.1,176.1,9.9
2006,Atlanta Falcons,185,138.0,50.4,188.4,-3.4
2006,Minnesota Vikings,182,151.0,50.1,201.1,-19.1
2007,Dallas Cowboys,269,137.0,101.4,238.4,30.6
2007,Washington Redskins,327,154.0,114.9,268.9,58.1
2007,New England Patriots,282,144.0,98.8,242.8,39.2
2007,New York Giants,214,112.0,60.8,172.8,41.2
2007,New York Jets,213,129.0,58.1,187.1,25.9
2007,Houston Texans,239,128.0,67.1,195.1,43.9
2007,Philadelphia Eagles,237,131.0,72.5,203.5,33.5
2007,Indianapolis Colts,203,132.0,54.9,186.9,16.1
2007,Chicago Bears,226,134.0,58.3,192.3,33.7
2007,Baltimore Ravens,226,135.0,68.0,203.0,23.0
2007,Denver Broncos,226,132.0,75.2,207.2,18.8
2007,Tampa Bay Buccaneers,224,128.0,56.7,184.7,39.3
2007,Miami Dolphins,232,123.0,72.9,195.9,36.1
2007,Carolina Panthers,221,124.0,74.7,198.7,22.3
2007,Cleveland Browns,220,129.0,71.7,200.7,19.3
2007,Green Bay Packers,218,125.0,71.1,196.1,21.9
2007,Kansas City Chiefs,214,138.0,64.1,202.1,11.9
2007,Pittsburgh Steelers,216,135.0,66.6,201.6,14.4
2007,Seattle Seahawks,215,130.0,76.1,206.1,8.9
2007,Tennessee Titans,216,127.0,64.5,191.5,24.5
2007,Cincinnati Bengals,205,129.0,54.0,183.0,22.0
2007,New Orleans Saints,213,139.0,52.5,191.5,21.5
2007,St Louis Rams,206,130.0,49.6,179.6,26.4
2007,Detroit Lions,204,136.0,71.1,207.1,-3.1
2007,Arizona Cardinals,203,129.0,54.3,183.3,19.7
2007,San Diego Chargers,207,133.0,55.0,188.0,19.0
2007,Buffalo Bills,206,139.0,54.6,193.6,12.4
2007,Jacksonville Jaguars,204,126.0,50.4,176.4,27.6
2007,Atlanta Falcons,203,115.0,57.1,172.1,30.9
2007,San Francisco 49ers,201,137.0,59.9,196.9,4.1
2007,Oakland Raiders,205,126.0,52.0,178.0,27.0
2007,Minnesota Vikings,195,122.0,54.1,176.1,18.9
2008,Dallas Cowboys,280,165.0,105.8,270.8,9.2
2008,Washington Redskins,345,139.0,115.7,254.7,90.3
2008,New England Patriots,302,131.0,100.1,231.1,70.9
2008,New York Giants,230,139.0,64.9,203.9,26.1
2008,New York Jets,227,141.0,61.7,202.7,24.3
2008,Houston Texans,256,140.0,74.5,214.5,41.5
2008,Philadelphia Eagles,250,123.0,78.2,201.2,48.8
2008,Tampa Bay Buccaneers,241,112.0,60.1,172.1,68.9
2008,Chicago Bears,241,137.0,62.4,199.4,41.6
2008,Denver Broncos,240,123.0,77.1,200.1,39.9
2008,Baltimore Ravens,240,122.0,73.7,195.7,44.3
2008,Carolina Panthers,238,138.0,77.1,215.1,22.9
2008,Cleveland Browns,235,143.0,71.8,214.8,20.2
2008,Kansas City Chiefs,228,107.0,68.6,175.6,52.4
2008,Indianapolis Colts,233,119.0,58.1,177.1,55.9
2008,Pittsburgh Steelers,235,146.0,71.2,217.2,17.8
2008,Green Bay Packers,232,121.0,90.9,211.9,20.1
2008,Miami Dolphins,242,134.0,81.4,215.4,26.6
2008,Tennessee Titans,232,137.0,70.6,207.6,24.4
2008,Seattle Seahawks,231,155.0,78.4,233.4,-2.4
2008,Cincinnati Bengals,222,131.0,56.1,187.1,34.9
2008,New Orleans Saints,232,150.0,51.3,201.3,30.7
2008,Arizona Cardinals,223,142.0,57.1,199.1,23.9
2008,San Diego Chargers,224,127.0,55.4,182.4,41.6
2008,St Louis Rams,217,142.0,52.7,194.7,22.3
2008,Buffalo Bills,222,127.0,55.5,182.5,39.5
2008,San Francisco 49ers,214,131.0,62.2,193.2,20.8
2008,Detroit Lions,208,120.0,69.5,189.5,18.5
2008,Jacksonville Jaguars,217,135.0,55.1,190.1,26.9
2008,Atlanta Falcons,214,129.0,56.8,185.8,28.2
2008,Minnesota Vikings,209,145.0,55.8,200.8,8.2
2008,Oakland Raiders,215,168.0,52.7,220.7,-5.7
2009,Dallas,420,143.0,133.7,276.7,143.3
2009,Washington,353,126.0,123.3,249.3,103.7
2009,New England,318,133.0,118.5,251.5,66.5
2009,New York Giants,241,166.0,72.9,238.9,2.1
2009,Houston,272,150.0,85.5,235.5,36.5
2009,New York Jets,238,160.0,70.4,230.4,7.6
2009,Philadelphia,260,141.0,84.3,225.3,34.7
2009,Baltimore,255,138.0,72.1,210.1,44.9
2009,Chicago,254,144.0,72.7,216.7,37.3
2009,Denver,250,142.0,86.0,228.0,22.0
2009,Indianapolis,248,142.0,62.8,204.8,43.2
2009,Carolina,247,148.0,84.0,232.0,15.0
2009,Tampa Bay,246,118.0,71.9,189.9,56.1
2009,Green Bay,242,147.0,85.2,232.2,9.8
2009,Cleveland,242,125.0,80.9,205.9,36.1
2009,Miami,247,164.0,90.7,254.7,-7.7
2009,Pittsburgh,243,146.0,79.1,225.1,17.9
2009,Tennessee,242,142.0,76.7,218.7,23.3
2009,Seattle,241,125.0,82.0,207.0,34.0
2009,Kansas City,235,111.0,76.2,187.2,47.8
2009,New Orleans,245,150.0,58.3,208.3,36.7
2009,San Francisco,226,136.0,69.0,205.0,21.0
2009,Arizona,236,146.0,61.9,207.9,28.1
2009,San Diego,233,150.0,58.3,208.3,24.7
2009,Cincinnati,232,122.0,60.6,182.6,49.4
2009,Atlanta,231,134.0,62.5,196.5,34.5
2009,Detroit,210,139.0,73.9,212.9,-2.9
2009,Buffalo,228,142.0,57.8,199.8,28.2
2009,St. Louis,223,135.0,59.0,194.0,29.0
2009,Minnesota,221,140.0,63.1,203.1,17.9
2009,Oakland,217,156.0,58.8,214.8,2.2
2009,Jacksonville,220,133.0,61.1,194.1,25.9
2010,Dallas,406,148.0,139.0,287.0,119.0
2010,Washington,352,153.0,133.4,286.4,65.6
2010,New England,333,170.0,120.1,290.1,42.9
2010,New York Giants,293,138.0,114.4,252.4,40.6
2010,New York Jets,285,144.0,115.9,259.9,25.1
2010,Houston,283,145.0,97.0,242.0,41.0
2010,Philadelphia,274,147.0,98.1,245.1,28.9
2010,Chicago,266,138.0,84.6,222.6,43.4
2010,Green Bay,259,159.0,88.0,247.0,12.0
2010,Baltimore,262,151.0,86.1,237.1,24.9
2010,Indianapolis,252,143.0,76.2,219.2,32.8
2010,Denver,255,129.0,97.5,226.5,28.5
2010,Pittsburgh,255,131.0,95.7,226.7,28.3
2010,Miami,253,137.0,103.1,240.1,12.9
2010,Carolina,257,124.0,101.8,225.8,31.2
2010,Seattle,249,139.0,102.2,241.2,7.8
2010,San Francisco,234,152.0,80.5,232.5,1.5
2010,Kansas City,252,152.0,85.5,237.5,14.5
2010,Tampa Bay,245,110.0,84.2,194.2,50.8
2010,Cleveland,247,154.0,95.9,249.9,-2.9
2010,New Orleans,261,160.0,72.1,232.1,28.9
2010,Tennessee,250,139.0,89.2,228.2,21.8
2010,San Diego,241,131.0,75.8,206.8,34.2
2010,Arizona,240,107.0,76.6,183.6,56.4
2010,Cincinnati,236,118.0,73.3,191.3,44.7
2010,Detroit,228,147.0,88.7,235.7,-7.7
2010,Atlanta,233,125.0,80.8,205.8,27.2
2010,Minnesota,227,152.0,71.3,223.3,3.7
2010,Buffalo,236,121.0,74.1,195.1,40.9
2010,St. Louis,228,127.0,76.4,203.4,24.6
2010,Oakland,217,120.0,74.0,194.0,23.0
2010,Jacksonville,236,128.0,75.2,203.2,32.8
2011,Dallas Cowboys,500,150.0,123.3,273.3,226.7
2011,New England Patriots,380,151.0,110.2,261.2,118.8
2011,Washington Redskins,373,132.0,132.0,264.0,109.0
2011,New York Giants,326,153.0,114.0,267.0,59.0
2011,Houston Texans,304,146.0,96.1,242.1,61.9
2011,New York Jets,299,155.0,117.0,272.0,27.0
2011,Philadelphia Eagles,296,149.0,98.8,247.8,48.2
2011,Chicago Bears,286,135.0,85.7,220.7,65.3
2011,Baltimore Ravens,279,148.0,82.4,230.4,48.6
2011,Green Bay Packers,276,150.0,82.9,232.9,43.1
2011,Denver Broncos,276,135.0,91.7,226.7,49.3
2011,Carolina Panthers,269,159.0,98.5,257.5,11.5
2011,Indianapolis Colts,268,134.0,71.4,205.4,62.6
2011,Pittsburgh Steelers,266,172.0,94.8,266.8,-0.8
2011,Miami Dolphins,265,147.0,103.5,250.5,14.5
2011,Tennessee Titans,262,130.0,93.2,223.2,38.8
2011,Seattle Seahawks,260,142.0,101.6,243.6,16.4
2011,Kansas City Chiefs,259,127.0,85.6,212.6,46.4
2011,New Orleans Saints,259,147.0,75.0,222.0,37.0
2011,Tampa Bay Buccaneers,258,130.0,83.9,213.9,44.1
2011,Cleveland Browns,258,133.0,96.3,229.3,28.7
2011,San Diego Chargers,246,148.0,75.5,223.5,22.5
2011,Arizona Cardinals,246,147.0,78.5,225.5,20.5
2011,San Francisco 49ers,245,132.0,83.0,215.0,30.0
2011,Buffalo Bills,240,136.0,74.6,210.6,29.4
2011,Atlanta Falcons,239,144.0,79.7,223.7,15.3
2011,Jacksonville Jaguars,238,135.0,73.4,208.4,29.6
2011,Cincinnati Bengals,235,145.0,71.9,216.9,18.1
2011,Detroit Lions,231,150.0,85.6,235.6,-4.6
2011,St Louis Rams,231,149.0,75.3,224.3,6.7
2011,Minnesota Vikings,227,148.0,71.8,219.8,7.2
2011,Oakland Raiders,226,168.0,73.2,241.2,-15.2
2012,Dallas Cowboys,539,148.0,140.3,288.3,250.7
2012,New England Patriots,408,157.0,111.8,268.8,139.2
2012,Washington Redskins,381,140.0,136.7,276.7,104.3
2012,New York Giants,338,156.0,117.6,273.6,64.4
2012,Houston Texans,320,139.0,99.5,238.5,81.5
2012,New York Jets,321,151.0,117.2,268.2,52.8
2012,Philadelphia Eagles,306,155.0,103.2,258.2,47.8
2012,Chicago Bears,298,146.0,88.8,234.8,63.2
2012,Baltimore Ravens,292,155.0,88.7,243.7,48.3
2012,San Francisco 49ers,255,154.0,90.8,244.8,10.2
2012,Indianapolis Colts,276,135.0,76.0,211.0,65.0
2012,Green Bay Packers,282,136.0,91.7,227.7,54.3
2012,Denver Broncos,283,152.0,99.3,251.3,31.7
2012,Pittsburgh Steelers,266,140.0,97.7,237.7,28.3
2012,Seattle Seahawks,270,135.0,106.8,241.8,28.2
2012,Miami Dolphins,268,137.0,106.2,243.2,24.8
2012,Tampa Bay Buccaneers,267,181.0,83.8,264.8,2.2
2012,Carolina Panthers,271,140.0,102.1,242.1,28.9
2012,Tennessee Titans,270,140.0,90.0,230.0,40.0
2012,Kansas City Chiefs,245,140.0,90.0,230.0,15.0
2012,Minnesota Vikings,234,128.0,78.0,206.0,28.0
2012,Cleveland Browns,264,145.0,101.9,246.9,17.1
2012,New Orleans Saints,276,182.0,71.8,253.8,22.2
2012,Arizona Cardinals,253,161.0,82.3,243.3,9.7
2012,San Diego Chargers,250,139.0,80.6,219.6,30.4
2012,Atlanta Falcons,252,146.0,87.5,233.5,18.5
2012,Cincinnati Bengals,250,134.0,78.7,212.7,37.3
2012,Detroit Lions,248,162.0,89.5,251.5,-3.5
2012,St Louis Rams,239,132.0,85.9,217.9,21.1
2012,Buffalo Bills,256,166.0,77.4,243.4,12.6
2012,Jacksonville Jaguars,260,168.0,76.5,244.5,15.5
2012,Oakland Raiders,229,131.0,78.9,209.9,19.1
2013,Dallas Cowboys,560,164.0,150.3,314.3,245.7
2013,New England Patriots,428,156.0,124.8,280.8,147.2
2013,Washington,395,118.0,133.6,251.6,143.4
2013,New York Giants,353,146.0,119.7,265.7,87.3
2013,Houston Texans,339,134.0,102.2,236.2,102.8
2013,New York Jets,333,134.0,119.5,253.5,79.5
2013,Philadelphia Eagles,330,150.0,106.8,256.8,73.2
2013,Chicago Bears,309,160.0,91.9,251.9,57.1
2013,San Francisco 49ers,270,157.0,88.2,245.2,24.8
2013,Baltimore Ravens,304,156.0,91.3,247.3,56.7
2013,Denver Broncos,301,171.0,99.3,270.3,30.7
2013,Indianapolis Colts,285,150.0,74.3,224.3,60.7
2013,Green Bay Packers,299,171.0,102.4,273.4,25.6
2013,Pittsburgh Steelers,287,136.0,98.6,234.6,52.4
2013,Seattle Seahawks,288,156.0,104.7,260.7,27.3
2013,Miami Dolphins,281,165.0,108.0,273.0,8.0
2013,Carolina Panthers,283,124.0,103.4,227.4,55.6
2013,Tampa Bay Buccaneers,275,145.0,83.6,228.6,46.4
2013,Tennessee Titans,278,150.0,92.4,242.4,35.6
2013,Minnesota Vikings,250,162.0,82.7,244.7,5.3
2013,Atlanta Falcons,264,162.0,88.9,250.9,13.1
2013,Cleveland Browns,276,132.0,109.0,241.0,35.0
2013,New Orleans Saints,278,148.0,79.9,227.9,50.1
2013,Kansas City Chiefs,260,166.0,84.0,250.0,10.0
2013,Arizona Cardinals,266,137.0,86.2,223.2,42.8
2013,San Diego Chargers,262,138.0,84.1,222.1,39.9
2013,Cincinnati Bengals,258,166.0,80.1,246.1,11.9
2013,Oakland Raiders,244,121.0,80.2,201.2,42.8
2013,Jacksonville Jaguars,263,123.0,83.1,206.1,56.9
2013,Detroit Lions,254,180.0,89.9,269.9,-15.9
2013,Buffalo Bills,252,138.0,76.0,214.0,38.0
2013,St. Louis Rams,250,151.0,82.8,233.8,16.2
2014,Dallas Cowboys,620,148.0,202.0,350.0,270.0
2014,New England Patriots,494,160.0,139.0,299.0,195.0
2014,Washington Redskins,439,170.0,144.1,314.1,124.9
2014,New York Giants,400,165.0,129.8,294.8,105.2
2014,San Francisco 49ers,427,168.0,135.3,303.3,123.7
2014,New York Jets,383,138.0,126.6,264.6,118.4
2014,Houston Texans,383,151.0,117.4,268.4,114.6
2014,Chicago Bears,352,168.0,98.3,266.3,85.7
2014,Philadelphia Eagles,370,167.0,114.3,281.3,88.7
2014,Green Bay Packers,347,159.0,124.7,283.7,63.3
2014,Denver Broncos,346,170.0,110.2,280.2,65.8
2014,Baltimore Ravens,345,184.0,101.2,285.2,59.8
2014,Pittsburgh Steelers,334,170.0,110.0,280.0,54.0
2014,Indianapolis Colts,321,141.0,89.9,230.9,90.1
2014,Seattle Seahawks,334,178.0,112.4,290.4,43.6
2014,Miami Dolphins,322,169.0,111.5,280.5,41.5
2014,Atlanta Falcons,303,187.0,90.6,277.6,25.4
2014,Minnesota Vikings,281,157.0,89.5,246.5,34.5
2014,Carolina Panthers,325,137.0,110.2,247.2,77.8
2014,Arizona Cardinals,308,166.0,84.8,250.8,57.2
2014,Kansas City Chiefs,307,159.0,99.4,258.4,48.6
2014,San Diego Chargers,304,155.0,84.2,239.2,64.8
2014,New Orleans Saints,322,162.0,90.0,252.0,70.0
2014,Tampa Bay Buccaneers,313,163.0,94.8,257.8,55.2
2014,Cleveland Browns,313,167.0,111.3,278.3,34.7
2014,Tennessee Titans,318,164.0,103.5,267.5,50.5
2014,Jacksonville Jaguars,315,140.0,108.0,248.0,67.0
2014,St Louis Rams,290,167.0,89.0,256.0,34.0
2014,Cincinnati Bengals,296,158.0,82.5,240.5,55.5
2014,Detroit Lions,298,156.0,105.9,261.9,36.1
2014,Oakland Raiders,285,158.0,88.0,246.0,39.0
2014,Buffalo Bills,296,163.0,88.8,251.8,44.2
2015,Dallas Cowboys,700,190.0,210.0,400.0,300.0
2015,New England Patriots,523,182.0,129.0,311.0,212.0
2015,New York Giants,444,182.0,129.0,311.0,133.0
2015,San Francisco 49ers,446,157.0,135.0,292.0,154.0
2015,Washington Redskins,447,193.0,139.0,332.0,115.0
2015,Los Angeles Rams,317,161.0,89.0,250.0,67.0
2015,New York Jets,423,192.0,129.0,321.0,102.0
2015,Chicago Bears,385,173.0,108.0,281.0,104.0
2015,Houston Texans,416,182.0,105.0,287.0,129.0
2015,Philadelphia Eagles,407,188.0,114.0,302.0,105.0
2015,Denver Broncos,387,188.0,117.0,305.0,82.0
2015,Miami Dolphins,359,189.0,112.0,301.0,58.0
2015,Green Bay Packers,391,177.0,113.0,290.0,101.0
2015,Baltimore Ravens,378,169.0,106.0,275.0,103.0
2015,Pittsburgh Steelers,376,195.0,113.0,308.0,68.0
2015,Seattle Seahawks,377,197.0,113.0,310.0,67.0
2015,Minnesota Vikings,306,168.0,87.0,255.0,51.0
2015,Indianapolis Colts,336,178.0,90.0,268.0,68.0
2015,Atlanta Falcons,336,171.0,96.0,267.0,69.0
2015,Oakland Raiders,301,169.0,86.0,255.0,46.0
2015,San Diego Chargers,344,199.0,86.0,285.0,59.0
2015,Carolina Panthers,362,195.0,114.0,309.0,53.0
2015,Arizona Cardinals,348,168.0,85.0,253.0,95.0
2015,Tennessee Titans,342,169.0,100.0,269.0,73.0
2015,Jacksonville Jaguars,344,152.0,100.0,252.0,92.0
2015,Kansas City Chiefs,340,182.0,96.0,278.0,62.0
2015,Cleveland Browns,347,182.0,112.0,294.0,53.0
2015,Tampa Bay Buccaneers,341,171.0,95.0,266.0,75.0
2015,New Orleans Saints,358,191.0,90.0,281.0,77.0
2015,Cincinnati Bengals,329,185.0,84.0,269.0,60.0
2015,Detroit Lions,321,151.0,106.0,257.0,64.0
2015,Buffalo Bills,326,206.0,94.0,300.0,26.0
2016,Dallas Cowboys,840,196.0,294.0,490.0,350.0
2016,New England Patriots,575,184.0,144.0,328.0,247.0
2016,New York Giants,477,211.0,135.0,346.0,131.0
2016,Washington Redskins,482,196.0,141.0,337.0,145.0
2016,San Francisco 49ers,458,176.0,152.0,328.0,130.0
2016,Los Angeles Rams,370,193.0,95.0,288.0,82.0
2016,Chicago Bears,416,198.0,104.0,302.0,114.0
2016,Houston Texans,433,186.0,106.0,292.0,141.0
2016,New York Jets,431,210.0,129.0,339.0,92.0
2016,Philadelphia Eagles,430,249.0,118.0,367.0,63.0
2016,Denver Broncos,411,215.0,115.0,330.0,81.0
2016,Miami Dolphins,376,191.0,120.0,311.0,65.0
2016,Green Bay Packers,421,193.0,137.0,330.0,91.0
2016,Baltimore Ravens,403,214.0,111.0,325.0,78.0
2016,Atlanta Falcons,367,179.0,94.0,273.0,94.0
2016,Pittsburgh Steelers,401,185.0,114.0,299.0,102.0
2016,Seattle Seahawks,399,197.0,117.0,314.0,85.0
2016,Minnesota Vikings,392,192.0,95.0,287.0,105.0
2016,Oakland Raiders,321,194.0,86.0,280.0,41.0
2016,Indianapolis Colts,360,185.0,97.0,282.0,78.0
2016,Carolina Panthers,385,168.0,115.0,283.0,102.0
2016,Los Angeles Chargers,355,207.0,88.0,295.0,60.0
2016,Arizona Cardinals,370,194.0,89.0,283.0,87.0
2016,Kansas City Chiefs,365,205.0,100.0,305.0,60.0
2016,Jacksonville Jaguars,377,192.0,96.0,288.0,89.0
2016,Tennessee Titans,366,182.0,105.0,287.0,79.0
2016,New Orleans Saints,395,205.0,93.0,298.0,97.0
2016,Tampa Bay Buccaneers,367,190.0,97.0,287.0,80.0
2016,Cleveland Browns,365,153.0,115.0,268.0,97.0
2016,Cincinnati Bengals,355,192.0,86.0,278.0,77.0
2016,Detroit Lions,341,189.0,104.0,293.0,48.0
2016,Buffalo Bills,352,201.0,98.0,299.0,53.0
2017,Dallas Cowboys,864,190.0,309.0,499.0,365.0
2017,New England Patriots,593,212.0,146.0,358.0,235.0
2017,New York Giants,493,209.0,135.0,344.0,149.0
2017,Los Angeles Rams,366,202.0,96.0,298.0,68.0
2017,Washington Redskins,491,222.0,147.0,369.0,122.0
2017,San Francisco 49ers,470,214.0,150.0,364.0,106.0
2017,Chicago Bears,431,224.0,107.0,331.0,100.0
2017,New York Jets,443,187.0,126.0,313.0,130.0
2017,Houston Texans,464,188.0,115.0,303.0,161.0
2017,Philadelphia Eagles,458,220.0,124.0,344.0,114.0
2017,Denver Broncos,427,201.0,120.0,321.0,106.0
2017,Green Bay Packers,434,218.0,154.0,372.0,62.0
2017,Atlanta Falcons,451,220.0,118.0,338.0,113.0
2017,Baltimore Ravens,417,192.0,118.0,310.0,107.0
2017,Pittsburgh Steelers,415,210.0,120.0,330.0,85.0
2017,Seattle Seahawks,413,220.0,122.0,342.0,71.0
2017,Miami Dolphins,414,228.0,130.0,358.0,56.0
2017,Oakland Raiders,335,215.0,96.0,311.0,24.0
2017,Minnesota Vikings,408,218.0,100.0,318.0,90.0
2017,Indianapolis Colts,373,200.0,106.0,306.0,67.0
2017,Carolina Panthers,396,218.0,116.0,334.0,62.0
2017,Los Angeles Chargers,346,204.0,94.0,298.0,48.0
2017,Arizona Cardinals,380,212.0,94.0,306.0,74.0
2017,Kansas City Chiefs,380,216.0,104.0,320.0,60.0
2017,Jacksonville Jaguars,391,226.0,102.0,328.0,63.0
2017,New Orleans Saints,413,200.0,98.0,298.0,115.0
2017,Tennessee Titans,371,210.0,113.0,323.0,48.0
2017,Tampa Bay Buccaneers,383,194.0,101.0,295.0,88.0
2017,Cleveland Browns,375,229.0,115.0,344.0,31.0
2017,Cincinnati Bengals,359,206.0,93.0,299.0,60.0
2017,Detroit Lions,361,248.0,108.9,356.9,4.1
2017,Buffalo Bills,364,195.0,102.0,297.0,67.0
2018,Buffalo,386,192.0,112.0,304.0,82.0
2018,Detroit,385,195.0,117.0,312.0,73.0
2018,Cincinnati,380,224.0,98.0,322.0,58.0
2018,Tennessee,394,224.0,117.0,341.0,53.0
2018,Cleveland,399,245.0,122.0,367.0,32.0
2018,Tampa Bay,400,229.0,105.0,334.0,66.0
2018,Arizona,400,209.0,104.0,313.0,87.0
2018,New Orleans,441,210.0,105.0,315.0,126.0
2018,Kansas City,410,214.0,113.0,327.0,83.0
2018,Jacksonville,424,254.0,93.0,347.0,77.0
2018,Carolina,424,223.0,123.0,346.0,78.0
2018,Los Angeles Chargers,375,199.0,104.0,303.0,72.0
2018,Indianapolis,393,174.0,115.0,289.0,104.0
2018,Minnesota,427,247.0,115.0,362.0,65.0
2018,Baltimore,438,184.0,123.0,307.0,131.0
2018,Atlanta,458,238.0,123.0,361.0,97.0
2018,Miami,443,213.0,163.0,376.0,67.0
2018,Seattle,439,200.0,133.0,333.0,106.0
2018,Pittsburgh,439,214.0,123.0,337.0,102.0
2018,Green Bay,456,245.0,172.0,417.0,39.0
2018,Oakland,357,220.0,109.0,329.0,28.0
2018,Denver,446,230.0,122.0,352.0,94.0
2018,Philadelphia,482,204.0,128.0,332.0,150.0
2018,Houston,497,200.0,121.0,321.0,176.0
2018,New York Jets,475,225.0,135.0,360.0,115.0
2018,Washington,493,224.0,149.0,373.0,120.0
2018,Chicago,453,271.0,120.0,391.0,62.0
2018,San Francisco,492,240.0,159.0,399.0,93.0
2018,Los Angeles Rams,401,263.0,108.0,371.0,30.0
2018,New York Giants,519,226.0,151.0,377.0,142.0
2018,New England,600,212.0,148.0,360.0,240.0
2018,Dallas,950,190.0,340.0,530.0,420.0
2019,Dallas Cowboys,980,231.0,324.0,555.0,425.0
2019,New England Patriots,630,251.0,129.0,380.0,250.0
2019,New York Giants,547,226.0,153.0,379.0,168.0
2019,Los Angeles Rams,423,231.0,114.0,345.0,78.0
2019,San Francisco 49ers,530,256.0,154.0,410.0,120.0
2019,New York Jets,497,244.0,144.0,388.0,109.0
2019,Chicago Bears,477,222.0,119.0,341.0,136.0
2019,Washington Football Team,504,216.0,153.0,369.0,135.0
2019,Philadelphia Eagles,509,257.0,132.0,389.0,120.0
2019,Houston Texans,530,239.0,126.0,365.0,165.0
2019,Denver Broncos,470,222.0,134.0,356.0,114.0
2019,Las Vegas Raiders,383,230.0,120.0,350.0,33.0
2019,Seattle Seahawks,472,223.0,137.0,360.0,112.0
2019,Green Bay Packers,485,230.0,167.0,397.0,88.0
2019,Pittsburgh Steelers,457,245.0,126.0,371.0,86.0
2019,Baltimore Ravens,460,230.0,122.0,352.0,108.0
2019,Minnesota Vikings,448,246.0,118.0,364.0,84.0
2019,Miami Dolphins,461,200.0,169.0,369.0,92.0
2019,Atlanta Falcons,467,303.0,126.0,429.0,38.0
2019,Indianapolis Colts,426,238.0,122.0,360.0,66.0
2019,Los Angeles Chargers,392,208.0,109.0,317.0,75.0
2019,Carolina Panthers,447,224.0,127.0,351.0,96.0
2019,Kansas City Chiefs,435,218.0,127.0,345.0,90.0
2019,New Orleans Saints,469,245.0,108.0,353.0,116.0
2019,Jacksonville Jaguars,443,236.0,108.0,344.0,99.0
2019,Cleveland Browns,431,223.0,121.0,344.0,87.0
2019,Arizona Cardinals,422,236.0,108.0,344.0,78.0
2019,Tennessee Titans,422,250.0,115.0,365.0,57.0
2019,Tampa Bay Buccaneers,419,234.0,110.0,344.0,75.0
2019,Detroit Lions,411,250.0,118.0,368.0,43.0
2019,Buffalo Bills,413,226.0,114.0,340.0,73.0
2019,Cincinnati Bengals,397,238.0,99.0,337.0,60.0
2020,Dallas Cowboys,800,278.0,242.0,520.0,280.0
2020,New England Patriots,478,195.0,141.0,336.0,142.0
2020,New York Giants,350,219.0,144.0,363.0,-13.0
2020,Los Angeles Rams,422,244.0,141.0,385.0,37.0
2020,Washington Football Team,388,230.0,133.0,363.0,25.0
2020,San Francisco 49ers,374,272.0,147.0,419.0,-45.0
2020,Chicago Bears,370,254.0,119.6,373.6,-3.6
2020,New York Jets,345,198.0,138.6,336.6,8.4
2020,Philadelphia Eagles,371,269.0,128.0,397.0,-26.0
2020,Denver Broncos,368,235.0,124.8,359.8,8.2
2020,Houston Texans,397,290.0,127.0,417.0,-20.0
2020,Seattle Seahawks,362,250.0,133.0,383.0,-21.0
2020,Green Bay Packers,371,255.0,150.0,405.0,-34.0
2020,Pittsburgh Steelers,364,216.0,124.0,340.0,24.0
2020,Miami Dolphins,372,227.0,137.1,364.1,7.9
2020,Las Vegas Raiders,389,264.0,130.1,394.1,-5.1
2020,Baltimore Ravens,352,251.0,122.0,373.0,-21.0
2020,Minnesota Vikings,365,251.0,123.7,374.7,-9.7
2020,Indianapolis Colts,350,226.0,144.0,370.0,-20.0
2020,Atlanta Falcons,353,234.0,123.0,357.0,-4.0
2020,Tampa Bay Buccaneers,364,245.0,117.1,362.1,1.9
2020,Kansas City Chiefs,364,229.0,126.0,355.0,9.0
2020,Los Angeles Chargers,339,276.0,112.0,388.0,-49.0
2020,Carolina Panthers,351,241.0,132.0,373.0,-22.0
2020,New Orleans Saints,378,283.0,111.0,394.0,-16.0
2020,Jacksonville Jaguars,361,185.0,107.0,292.0,69.0
2020,Arizona Cardinals,353,259.0,110.0,369.0,-16.0
2020,Tennessee Titans,354,249.0,117.0,366.0,-12.0
2020,Cleveland Browns,375,251.0,118.3,369.3,5.7
2020,Detroit Lions,330,236.0,116.0,352.0,-22.0
2020,Cincinnati Bengals,348,263.0,102.0,365.0,-17.0
2020,Buffalo Bills,340,251.0,107.0,358.0,-18.0
2021,Dallas Cowboys,1087,297.0,324.0,621.0,466.0
2021,New England Patriots,651,242.0,178.0,420.0,231.0
2021,Los Angeles Rams,628,232.0,193.0,425.0,203.0
2021,New York Giants,584,246.0,160.0,406.0,178.0
2021,Chicago Bears,520,234.0,130.0,364.0,156.0
2021,Washington Commanders,544,231.0,183.0,414.0,130.0
2021,New York Jets,519,242.0,141.0,383.0,136.0
2021,San Francisco 49ers,575,270.0,163.0,433.0,142.0
2021,Las Vegas Raiders,563,236.0,211.0,447.0,116.0
2021,Philadelphia Eagles,547,258.0,144.0,402.0,145.0
2021,Houston Texans,571,226.0,134.0,360.0,211.0
2021,Denver Broncos,526,241.0,142.0,383.0,143.0
2021,Miami Dolphins,533,219.0,154.0,373.0,160.0
2021,Seattle Seahawks,518,244.0,151.0,395.0,123.0
2021,Green Bay Packers,543,225.0,180.0,405.0,138.0
2021,Atlanta Falcons,506,199.0,135.0,334.0,172.0
2021,Pittsburgh Steelers,494,222.0,137.0,359.0,135.0
2021,Minnesota Vikings,500,221.0,138.0,359.0,141.0
2021,Baltimore Ravens,512,255.0,130.0,385.0,127.0
2021,Los Angeles Chargers,491,217.0,118.0,335.0,156.0
2021,Cleveland Browns,510,271.0,149.0,420.0,90.0
2021,Indianapolis Colts,484,271.0,113.0,384.0,100.0
2021,Kansas City Chiefs,495,243.0,133.0,376.0,119.0
2021,Tampa Bay Buccaneers,492,304.0,126.0,430.0,62.0
2021,Carolina Panthers,501,224.0,138.0,362.0,139.0
2021,New Orleans Saints,490,252.0,113.0,365.0,125.0
2021,Tennessee Titans,481,243.0,123.0,366.0,115.0
2021,Jacksonville Jaguars,471,235.0,122.0,357.0,114.0
2021,Buffalo Bills,470,263.0,124.0,387.0,83.0
2021,Arizona Cardinals,467,240.0,115.0,355.0,112.0
2021,Detroit Lions,452,239.0,124.0,363.0,89.0
2021,Cincinnati Bengals,462,237.0,111.0,348.0,114.0